,Position 1,Position 2,Position 3,Position 4,Position 5,Position 6,Position 7,Position 8
3,0.15614617940199335,0.15614617940199335,0.15614617940199335,,,,,
4,0.2688274547187798,0.2688274547187798,0.2688274547187798,0.2688274547187798,,,,
5,0.39541088580576306,0.39541088580576306,0.39541088580576306,0.39541088580576306,0.39541088580576306,,,
6,0.5319148936170213,0.5319148936170213,0.5319148936170213,0.5319148936170213,0.5319148936170213,0.5319148936170213,,
7,0.6332992849846782,0.6332992849846782,0.6332992849846782,0.6332992849846782,0.6332992849846782,0.6332992849846782,0.6332992849846782,
8,0.7145892351274787,0.7145892351274787,0.7145892351274787,0.7145892351274787,0.7145892351274787,0.7145892351274787,0.7145892351274787,0.7145892351274787
