,Position 1,Position 2,Position 3,Position 4,Position 5,Position 6,Position 7,Position 8
3,0.09065934065934066,0.09065934065934066,0.09065934065934066,,,,,
4,0.19730941704035873,0.19730941704035873,0.19730941704035873,0.19730941704035873,,,,
5,0.33687330204988886,0.33687330204988886,0.33687330204988886,0.33687330204988886,0.33687330204988886,,,
6,0.48914149983033595,0.48914149983033595,0.48914149983033595,0.48914149983033595,0.48914149983033595,0.48914149983033595,,
7,0.6241524055537617,0.6241524055537617,0.6241524055537617,0.6241524055537617,0.6241524055537617,0.6241524055537617,0.6241524055537617,
8,0.7165911151405259,0.7165911151405259,0.7165911151405259,0.7165911151405259,0.7165911151405259,0.7165911151405259,0.7165911151405259,0.7165911151405259
