,Position 1,Position 2,Position 3,Position 4,Position 5,Position 6,Position 7,Position 8
3,0.1226158038147139,0.1226158038147139,0.1226158038147139,,,,,
4,0.23183391003460208,0.23183391003460208,0.23183391003460208,0.23183391003460208,,,,
5,0.3788098693759071,0.3788098693759071,0.3788098693759071,0.3788098693759071,0.3788098693759071,,,
6,0.4905395935529082,0.4905395935529082,0.4905395935529082,0.4905395935529082,0.4905395935529082,0.4905395935529082,,
7,0.6158881285331747,0.6158881285331747,0.6158881285331747,0.6158881285331747,0.6158881285331747,0.6158881285331747,0.6158881285331747,
8,0.6960236608609924,0.6960236608609924,0.6960236608609924,0.6960236608609924,0.6960236608609924,0.6960236608609924,0.6960236608609924,0.6960236608609924
