,Position 1,Position 2,Position 3,Position 4,Position 5,Position 6,Position 7,Position 8
3,0.09090909090909091,0.09090909090909091,0.09090909090909091,,,,,
4,0.18700906344410875,0.18700906344410875,0.18700906344410875,0.18700906344410875,,,,
5,0.28607347394887556,0.28607347394887556,0.28607347394887556,0.28607347394887556,0.28607347394887556,,,
6,0.43074041210687175,0.43074041210687175,0.43074041210687175,0.43074041210687175,0.43074041210687175,0.43074041210687175,,
7,0.5594446291985368,0.5594446291985368,0.5594446291985368,0.5594446291985368,0.5594446291985368,0.5594446291985368,0.5594446291985368,
8,0.6590192644483363,0.6590192644483363,0.6590192644483363,0.6590192644483363,0.6590192644483363,0.6590192644483363,0.6590192644483363,0.6590192644483363
