,Position 1,Position 2,Position 3,Position 4,Position 5,Position 6,Position 7,Position 8
3,0.11910112359550562,0.11910112359550562,0.11910112359550562,,,,,
4,0.1676203298552676,0.1676203298552676,0.1676203298552676,0.1676203298552676,,,,
5,0.2725714285714286,0.2725714285714286,0.2725714285714286,0.2725714285714286,0.2725714285714286,,,
6,0.39578724632105416,0.39578724632105416,0.39578724632105416,0.39578724632105416,0.39578724632105416,0.39578724632105416,,
7,0.5415470125057897,0.5415470125057897,0.5415470125057897,0.5415470125057897,0.5415470125057897,0.5415470125057897,0.5415470125057897,
8,0.647254384959303,0.647254384959303,0.647254384959303,0.647254384959303,0.647254384959303,0.647254384959303,0.647254384959303,0.647254384959303
